Date,Wechat UV,,
1,827763672,,
2,837943879,,
3,827201010,,
4,840411917,,
5,826116251,,
6,818039513,,
7,824515782,,
8,822515823,,
9,828088776,,
10,840911801,,
11,823662253,,
12,863190456,,
13,832053913,,
14,829207390,,
15,830748105,,
16,849925225,,
17,831586083,,
18,850002877,,
19,844663435,,
20,826210752,,
21,843615787,,
22,823353127,,
23,832477658,,
24,824046762,,
25,827087172,,
26,826648487,,
27,826012494,,
28,851451297,,
29,876775692,,
30,831536642,,
31,860438674,,
,,,
